image_name,predicted_class,classification_confidence,melanoma_probability,not_melanoma_probability,classification_correct,decision_margin,analysis_performed,asymmetry_score,asymmetry_risk,border_irregularity,border_risk,color_variation,color_risk,texture_contrast,texture_homogeneity,texture_energy,texture_correlation,texture_risk,overall_risk_score,risk_level,segmentation_quality,lesion_area_pixels
IMD002.jpg,MELANOMA,0.8813359141349792,0.8813359,0.11866407,True,0.7626718,True,0.2975183744491252,1.0,18.327159808324268,1.0,4.0,0.75,76.62969779472644,0.28475377898507814,0.02260398489673622,0.9801128376177431,0.3831484889736322,0.783287122243408,HIGH,0.0,98898.0
IMD004.jpg,MELANOMA,0.8403138518333435,0.84031385,0.15968615,True,0.6806277,True,0.24624617361660942,1.0,7.122164313486793,1.0,5.0,1.0,77.19505854664955,0.24237445907186306,0.01948488488052031,0.9851148586567712,0.38597529273324777,0.8464938231833119,HIGH,0.0,84400.0
IMD006.jpg,NOT_MELANOMA,0.5280395746231079,0.47196037,0.5280396,False,0.05607921,False,,,,,,,,,,,,,,,
IMD008.jpg,NOT_MELANOMA,0.8579843044281006,0.14201564,0.8579843,False,0.71596867,False,,,,,,,,,,,,,,,
IMD009.jpg,MELANOMA,0.9925381541252136,0.99253815,0.007461844,True,0.9850763,True,0.2701058122602988,1.0,7.131833822167677,1.0,3.0,0.5,73.53580347383689,0.35765333263388316,0.02833260754275667,0.984663551716337,0.36767901736918446,0.7169197543422962,HIGH,0.0,32193.0
IMD015.jpg,NOT_MELANOMA,0.9286308884620667,0.071369104,0.9286309,False,0.8572618,False,,,,,,,,,,,,,,,
IMD016.jpg,MELANOMA,0.687986433506012,0.68798643,0.3120136,True,0.37597284,True,0.3410207816899436,1.0,44.59071369724339,1.0,6.0,1.0,152.8931623358649,0.3022297548510298,0.027052382495545865,0.9568051788418303,0.7644658116793245,0.9411164529198311,HIGH,0.0,118355.0
IMD017.jpg,MELANOMA,0.9999880790710449,0.9999881,1.1972073e-05,True,0.9999761,True,0.30181057328249333,1.0,4.57111695816615,0.71422339163323,4.0,0.75,78.46730547884404,0.254987043132658,0.02045495240313851,0.9859280338581223,0.3923365273942202,0.7141399797568625,HIGH,0.0,116676.0
IMD018.jpg,MELANOMA,0.9791210889816284,0.9791211,0.020878982,True,0.9582421,True,0.07832778887214713,0.7832778887214713,45.56410755135983,1.0,5.0,1.0,99.88610347816119,0.25038225105082845,0.026851218898068126,0.9777510052651488,0.49943051739080596,0.8206771015280694,HIGH,0.0,128680.0
IMD019.jpg,MELANOMA,0.807890772819519,0.8078908,0.19210918,True,0.6157816,True,0.39187651461890854,1.0,7.359182368782529,1.0,6.0,1.0,80.07862358579511,0.28609089640903634,0.034769167088155806,0.986727971872965,0.4003931179289756,0.8500982794822439,HIGH,0.0,38409.0
IMD020.jpg,NOT_MELANOMA,0.9545027017593384,0.045497295,0.9545027,False,0.9090054,False,,,,,,,,,,,,,,,
IMD021.jpg,MELANOMA,0.9700137376785278,0.97001374,0.0299863,True,0.9400274,True,0.39328821101862116,1.0,18.565505295525014,1.0,4.0,0.75,60.73115060222375,0.30344373089944854,0.028109812757753188,0.9799632291521593,0.30365575301111875,0.7634139382527797,HIGH,0.0,88861.0
IMD022.jpg,MELANOMA,0.9991574287414551,0.9991574,0.00084252865,True,0.9983149,True,0.10706690733739006,1.0,17.514974283732204,1.0,4.0,0.75,50.90321723308108,0.3345668178880448,0.029258706806107898,0.9827777057398256,0.2545160861654054,0.7511290215413513,HIGH,0.0,121938.0
IMD023.jpg,MELANOMA,0.8616438508033752,0.86164385,0.13835612,True,0.7232877,True,0.24681582211140926,1.0,25.605293261573923,1.0,4.0,0.75,42.11559027282347,0.3701205658100173,0.04099264334374019,0.9808276221462068,0.21057795136411733,0.7401444878410294,HIGH,0.0,80116.0
IMD024.jpg,MELANOMA,0.9566389322280884,0.95663893,0.0433611,True,0.9132778,True,0.11227224429350624,1.0,33.39189286390531,1.0,5.0,1.0,66.02133901979316,0.2877035121480453,0.027552125365879383,0.981095326869442,0.3301066950989658,0.8325266737747414,HIGH,0.0,94223.0
IMD025.jpg,MELANOMA,0.6185917854309082,0.6185918,0.38140818,True,0.2371836,True,0.05725601785445056,0.5725601785445056,45.45316645596199,1.0,5.0,1.0,123.28196784532842,0.2973424042461023,0.03053821205451875,0.9519978957011297,0.6164098392266422,0.7972425044427869,HIGH,0.0,129034.0
IMD027.jpg,NOT_MELANOMA,0.99813312292099,0.0018668576,0.9981331,False,0.99626625,False,,,,,,,,,,,,,,,
IMD030.jpg,MELANOMA,0.9779835343360901,0.97798353,0.022016425,True,0.9559671,True,0.2029395205740432,1.0,17.41118583055978,1.0,4.0,0.75,90.14120128122914,0.2691268001992613,0.021085794336785854,0.9678417257025494,0.4507060064061457,0.8001765016015364,HIGH,0.0,126595.0
IMD033.jpg,MELANOMA,0.5725711584091187,0.57257116,0.4274288,True,0.14514235,True,0.6124239968157931,1.0,12.883368735860842,1.0,5.0,1.0,67.29132647256877,0.30773933863696973,0.02407509356779769,0.9815545902510063,0.33645663236284384,0.834114158090711,HIGH,0.0,124859.0
IMD035.jpg,MELANOMA,0.6739192008972168,0.6739192,0.32608083,True,0.34783837,True,0.5521339843889339,1.0,18.391130191971854,1.0,6.0,1.0,78.71128720452224,0.2965321223904665,0.027781137375252608,0.9751154825087958,0.3935564360226112,0.8483891090056528,HIGH,0.0,119933.0
IMD037.jpg,MELANOMA,0.9938027858734131,0.9938028,0.006197235,True,0.9876056,True,0.1493848461700972,1.0,24.757241218747644,1.0,5.0,1.0,77.01546578773898,0.3234282678203501,0.030980503960671715,0.9798982899933965,0.3850773289386949,0.8462693322346737,HIGH,0.0,136805.0
IMD039.jpg,NOT_MELANOMA,0.9299395680427551,0.070060425,0.92993957,False,0.85987914,False,,,,,,,,,,,,,,,
IMD040.jpg,MELANOMA,0.9601463079452515,0.9601463,0.039853755,True,0.92029256,True,0.1060478513100942,1.0,34.15390521225211,1.0,4.0,0.75,68.20109466283145,0.33260410658820955,0.03461832125077018,0.9815549603806805,0.34100547331415726,0.7727513683285393,HIGH,0.0,129893.0
IMD041.jpg,MELANOMA,0.9580427408218384,0.95804274,0.04195728,True,0.9160855,True,0.3249063569678265,1.0,5.685940519480664,0.9371881038961328,5.0,1.0,71.66761381627735,0.2957888409651986,0.025091357994230432,0.9853757060822859,0.35833806908138677,0.8238815432443799,HIGH,0.0,82469.0
IMD042.jpg,MELANOMA,0.9999444484710693,0.99994445,5.5581077e-05,True,0.9998889,True,0.25201361589774435,1.0,6.33337676240961,1.0,4.0,0.75,73.04819081299551,0.3240051303441278,0.027240476670505876,0.9845221826027634,0.3652409540649776,0.7788102385162444,HIGH,0.0,93261.0
IMD043.jpg,MELANOMA,0.9988641738891602,0.9988642,0.0011358861,True,0.9977283,True,0.09877132091197553,0.9877132091197554,44.43671448735427,1.0,6.0,1.0,74.39115763999176,0.3096030827501744,0.02463298052712563,0.9842977152485376,0.3719557881999588,0.8399172493299286,HIGH,0.0,127050.0
IMD044.jpg,NOT_MELANOMA,0.9886936545372009,0.011306326,0.98869365,False,0.9773873,False,,,,,,,,,,,,,,,
IMD047.jpg,MELANOMA,0.9629998803138733,0.9629999,0.03700012,True,0.92599976,True,0.18970232658302214,1.0,17.06224112852652,1.0,4.0,0.75,74.62087957086915,0.3305338241670861,0.03328636008769053,0.9765430661056523,0.37310439785434574,0.7807760994635864,HIGH,0.0,116796.0
IMD048.jpg,MELANOMA,0.8163829445838928,0.81638294,0.18361707,True,0.6327659,True,0.07682471683686136,0.7682471683686136,38.52536589126048,1.0,4.0,0.75,61.06862806042568,0.3593226686118192,0.03687424121701569,0.9755552301862722,0.3053431403021284,0.7058975771676855,HIGH,0.0,123880.0
IMD049.jpg,NOT_MELANOMA,0.5132964253425598,0.48670363,0.5132964,False,0.026592791,False,,,,,,,,,,,,,,,
IMD058.jpg,MELANOMA,0.9996178150177002,0.9996178,0.00038215582,True,0.99923563,True,0.26639248544951794,1.0,25.152367686476172,1.0,7.0,1.0,115.8424660417099,0.25556767012006815,0.019157424699668957,0.9714309885610527,0.5792123302085495,0.8948030825521374,HIGH,0.0,97346.0
IMD061.jpg,MELANOMA,0.9999793767929077,0.9999794,2.0597909e-05,True,0.99995875,True,0.18034608627086332,1.0,34.588932238458526,1.0,18.0,1.0,150.63330948461268,0.2886575416462404,0.019807870862155224,0.9650739355981396,0.7531665474230634,0.9382916368557659,HIGH,0.0,143810.0
IMD063.jpg,MELANOMA,0.9356706142425537,0.9356706,0.06432935,True,0.8713413,True,0.3603650459394127,1.0,7.430657524409031,1.0,4.0,0.75,100.85405653772271,0.24109509030384724,0.018345919353198462,0.979311475336905,0.5042702826886135,0.8135675706721534,HIGH,0.0,108752.0
IMD064.jpg,MELANOMA,0.9987892508506775,0.99878925,0.0012107192,True,0.99757856,True,0.03938094172340841,0.39380941723408414,29.91140583446706,1.0,7.0,1.0,99.19150513107343,0.29783133655820704,0.02142958819366979,0.9754362854416084,0.49595752565536716,0.7224417357223628,HIGH,0.0,115210.0
IMD065.jpg,MELANOMA,0.9999990463256836,0.99999905,9.4577996e-07,True,0.9999981,True,0.11442830834230433,1.0,84.607822908885,1.0,26.0,1.0,110.90747265090583,0.2766650310463113,0.01823565233966285,0.9772797445136666,0.5545373632545292,0.8886343408136324,HIGH,0.0,68082.0
IMD075.jpg,NOT_MELANOMA,0.6231441497802734,0.37685588,0.62314415,False,0.24628827,False,,,,,,,,,,,,,,,
IMD076.jpg,MELANOMA,0.9994634985923767,0.9994635,0.0005364881,True,0.998927,True,0.22228992132455158,1.0,16.639274977917076,1.0,4.0,0.75,68.51054207761673,0.3050422243269135,0.026131165941744746,0.9817375985877502,0.34255271038808366,0.773138177597021,HIGH,0.0,104460.0
IMD078.jpg,MELANOMA,0.9765720963478088,0.9765721,0.023427907,True,0.9531442,True,0.5146011390436597,1.0,11.05558131571169,1.0,8.0,1.0,82.12812674144233,0.3032166586149903,0.02669555544652485,0.9850591923256804,0.41064063370721166,0.8526601584268029,HIGH,0.0,85506.0
IMD080.jpg,MELANOMA,0.9869583249092102,0.9869583,0.013041659,True,0.97391665,True,0.06359712890851273,0.6359712890851272,22.59260442394065,1.0,9.0,1.0,105.6926427032247,0.2391416938213254,0.020593837667072425,0.9778949778747564,0.5284632135161236,0.7911086256503126,HIGH,0.0,134025.0
IMD088.jpg,MELANOMA,0.9999513626098633,0.99995136,4.862737e-05,True,0.9999027,True,0.6112639074196408,1.0,12.426099600143617,1.0,6.0,1.0,140.83419559568162,0.2370318255109742,0.01685524517382207,0.9722196273625547,0.7041709779784081,0.926042744494602,HIGH,0.0,74465.0
IMD090.jpg,MELANOMA,0.997190535068512,0.99719054,0.0028094635,True,0.99438107,True,0.04975118714586498,0.49751187145864983,30.938821356480112,1.0,6.0,1.0,89.01542422847454,0.2619232265398213,0.018991426678947636,0.9772026307793049,0.44507712114237274,0.7356472481502556,HIGH,0.0,123160.0
IMD091.jpg,MELANOMA,0.9327322840690613,0.9327323,0.06726768,True,0.8654646,True,0.0903006459819804,0.903006459819804,8.911608954946248,1.0,11.0,1.0,154.10660425621668,0.2646281537966388,0.02588308848470672,0.9296371450655464,0.7705330212810835,0.9183848702752219,HIGH,0.0,138871.0
IMD092.jpg,NOT_MELANOMA,0.992879331111908,0.0071207345,0.99287933,False,0.9857586,False,,,,,,,,,,,,,,,
IMD107.jpg,MELANOMA,0.9230154156684875,0.9230154,0.07698455,True,0.8460309,True,0.14168439841049243,1.0,50.75622919769814,1.0,5.0,1.0,80.27709989404734,0.321616581712871,0.03197447089054165,0.9766129764522017,0.4013854994702367,0.8503463748675592,HIGH,0.0,130760.0
IMD112.jpg,MELANOMA,0.9920269846916199,0.992027,0.007973039,True,0.98405397,True,0.37749306602514654,1.0,16.35548573111452,1.0,3.0,0.5,65.32150172593862,0.3234978531227919,0.02767152641529463,0.9802083247458321,0.32660750862969307,0.7066518771574233,HIGH,0.0,94050.0
IMD118.jpg,MELANOMA,0.9955944418907166,0.99559444,0.00440553,True,0.9911889,True,0.14152134799997595,1.0,19.26186158769475,1.0,4.0,0.75,70.3844602575033,0.33419862164555286,0.02923961674454689,0.9807785306811866,0.35192230128751656,0.7754805753218792,HIGH,0.0,94966.0
IMD125.jpg,MELANOMA,0.9993757605552673,0.99937576,0.000624279,True,0.99875146,True,0.10197087450657394,1.0,37.10684055736627,1.0,3.0,0.5,82.35592079955715,0.3353767014587368,0.0329741988167703,0.9720556799669241,0.4117796039977858,0.7279449009994464,HIGH,0.0,135048.0
IMD126.jpg,MELANOMA,0.7352620959281921,0.7352621,0.26473796,True,0.47052413,True,0.08985436067189874,0.8985436067189874,14.178272083822264,1.0,4.0,0.75,93.83937111539903,0.22727537151626123,0.018290922053154808,0.9768599184300796,0.46919685557699514,0.7794351155739956,HIGH,0.0,97811.0
IMD132.jpg,MELANOMA,0.9194517731666565,0.9194518,0.08054824,True,0.83890355,True,0.07080068117436362,0.7080068117436362,30.970604598654774,1.0,4.0,0.75,88.35020151790887,0.30001293847788213,0.032764363235669426,0.9754441820650284,0.44175100758954433,0.724939454833295,HIGH,0.0,104712.0
IMD133.jpg,MELANOMA,0.7177684307098389,0.71776843,0.2822315,True,0.43553692,True,0.32484654699177584,1.0,25.499435352332068,1.0,4.0,0.75,83.92501025105236,0.29601758480553964,0.029193406035002076,0.9749910737695333,0.4196250512552618,0.7924062628138154,HIGH,0.0,135484.0
IMD134.jpg,NOT_MELANOMA,0.6892057657241821,0.31079423,0.68920577,False,0.37841153,False,,,,,,,,,,,,,,,
IMD135.jpg,NOT_MELANOMA,0.8217912316322327,0.17820874,0.82179123,False,0.64358246,False,,,,,,,,,,,,,,,
IMD137.jpg,NOT_MELANOMA,0.6416844129562378,0.35831562,0.6416844,False,0.2833688,False,,,,,,,,,,,,,,,
IMD140.jpg,MELANOMA,0.9998644590377808,0.99986446,0.00013549959,True,0.999729,True,0.1933265006031304,1.0,27.420828161426247,1.0,5.0,1.0,58.63843808943938,0.35701353194890734,0.03713662410465489,0.9880580785575909,0.2931921904471969,0.8232980476117993,HIGH,0.0,134592.0
IMD142.jpg,NOT_MELANOMA,0.9259219169616699,0.07407805,0.9259219,False,0.85184383,False,,,,,,,,,,,,,,,
IMD143.jpg,MELANOMA,0.9961792230606079,0.9961792,0.0038207504,True,0.99235845,True,0.08909522867723352,0.8909522867723352,46.22970322354022,1.0,5.0,1.0,77.82256138902562,0.29541086209954814,0.03383709136225341,0.9790619326282669,0.3891128069451281,0.8200162734293658,HIGH,0.0,124536.0
IMD144.jpg,MELANOMA,0.9914551973342896,0.9914552,0.008544823,True,0.9829104,True,0.4043986382543389,1.0,19.054276396959153,1.0,4.0,0.75,76.84654319067927,0.29554521724862637,0.032221845031294556,0.9800584030361322,0.38423271595339636,0.7835581789883491,HIGH,0.0,145024.0
IMD146.jpg,NOT_MELANOMA,0.8436809182167053,0.15631911,0.8436809,False,0.68736184,False,,,,,,,,,,,,,,,
IMD147.jpg,MELANOMA,0.5307702422142029,0.53077024,0.4692298,True,0.061540455,True,0.2193194731638862,1.0,17.002784178179688,1.0,3.0,0.5,81.55460311364816,0.278074500493574,0.023940024490061284,0.9709547712286902,0.4077730155682408,0.7269432538920602,HIGH,0.0,114704.0
IMD149.jpg,MELANOMA,0.9998171925544739,0.9998172,0.00018283863,True,0.9996343,True,0.37235635116935306,1.0,8.260648191884599,1.0,4.0,0.75,120.08411191631292,0.3070482030573752,0.021278564760480543,0.9775717891805322,0.6004205595815646,0.8376051398953912,HIGH,0.0,94753.0
IMD150.jpg,MELANOMA,0.9818494915962219,0.9818495,0.018150467,True,0.96369904,True,0.2611573718849443,1.0,16.965901638996186,1.0,5.0,1.0,134.6818812001509,0.3174967183308271,0.02975366058925107,0.97217256290386,0.6734094060007546,0.9183523515001887,HIGH,0.0,103734.0
IMD152.jpg,MELANOMA,0.795282244682312,0.79528224,0.20471773,True,0.5905645,True,0.0724240600381935,0.724240600381935,35.34738823173823,1.0,4.0,0.75,147.34233119490852,0.30484477425195633,0.030012843734139576,0.9135289958700404,0.7367116559745426,0.8027380640891195,HIGH,0.0,121440.0
IMD153.jpg,MELANOMA,0.625613808631897,0.6256138,0.37438616,True,0.25122765,True,0.044593014994308046,0.44593014994308044,54.123493240167676,1.0,6.0,1.0,135.13444006550478,0.3058719153507935,0.03331347352116027,0.8573829911947274,0.6756722003275238,0.7804005875676511,HIGH,0.0,114986.0
IMD154.jpg,MELANOMA,0.9995135068893433,0.9995135,0.00048646794,True,0.999027,True,0.24049241937673393,1.0,83.25281269446222,1.0,4.0,0.75,101.97412851612846,0.2768600036522095,0.025774345137393212,0.9378250792233319,0.5098706425806423,0.8149676606451606,HIGH,0.0,115231.0
IMD155.jpg,MELANOMA,0.8868756294250488,0.8868756,0.113124385,True,0.77375126,True,0.014581302428267348,0.14581302428267348,18.634556554608622,1.0,3.0,0.5,101.11404147503936,0.27824759310342884,0.030037232114896787,0.8892267172063241,0.5055702073751968,0.5378458079144676,MODERATE,0.0,120008.0
IMD156.jpg,NOT_MELANOMA,0.9662759900093079,0.033723995,0.966276,False,0.932552,False,,,,,,,,,,,,,,,
IMD157.jpg,NOT_MELANOMA,0.8601165413856506,0.13988352,0.86011654,False,0.720233,False,,,,,,,,,,,,,,,
IMD161.jpg,MELANOMA,0.9769253730773926,0.9769254,0.023074597,True,0.95385075,True,0.5017868604711196,1.0,8.867592586386158,1.0,3.0,0.5,76.85760188900237,0.3208019962823655,0.025678259716444593,0.9765304482521807,0.38428800944501185,0.7210720023612529,HIGH,0.0,107374.0
IMD162.jpg,MELANOMA,0.9086372256278992,0.9086372,0.09136279,True,0.81727445,True,0.13993028665800158,1.0,32.89585709482796,1.0,4.0,0.75,94.88425111349409,0.29340011565766416,0.02633814121027941,0.9774420774608839,0.47442125556747045,0.8061053138918676,HIGH,0.0,134775.0
IMD164.jpg,MELANOMA,0.9965912103652954,0.9965912,0.0034088711,True,0.99318236,True,0.10790686017569702,1.0,35.80500281471496,1.0,5.0,1.0,73.91078392186685,0.3076009642028113,0.030133186985061094,0.9748950887551325,0.36955391960933426,0.8423884799023336,HIGH,0.0,131026.0
IMD166.jpg,MELANOMA,0.9915374517440796,0.99153745,0.008462531,True,0.9830749,True,0.3386510408424955,1.0,6.195604075353783,1.0,3.0,0.5,94.16042698674669,0.2771267431986277,0.024671602637299294,0.9687368191574589,0.4708021349337334,0.7427005337334334,HIGH,0.0,118636.0
IMD168.jpg,MELANOMA,0.9763208031654358,0.9763208,0.023679217,True,0.9526416,True,0.1069532047002671,1.0,21.583442055199832,1.0,8.0,1.0,109.12600972754308,0.21397037851101905,0.016283744675399236,0.9817600539643278,0.5456300486377154,0.8864075121594288,HIGH,0.0,108914.0
IMD169.jpg,MELANOMA,0.654025673866272,0.6540257,0.34597427,True,0.3080514,True,0.3727479393873339,1.0,13.459930338054129,1.0,6.0,1.0,81.30158878363174,0.28814822776768706,0.0246714299616594,0.9826264331046892,0.4065079439181587,0.8516269859795397,HIGH,0.0,91322.0
IMD170.jpg,MELANOMA,0.7626146674156189,0.76261467,0.23738532,True,0.52522933,True,0.3316067651948555,1.0,23.842334888617135,1.0,3.0,0.5,87.46068470485021,0.2727634222948267,0.022759603030104648,0.9705696149655623,0.43730342352425106,0.7343258558810628,HIGH,0.0,105643.0
IMD171.jpg,MELANOMA,0.9985829591751099,0.99858296,0.001417005,True,0.997166,True,0.035104525854909564,0.35104525854909563,33.918068367815046,1.0,4.0,0.75,72.68910954654245,0.29460021946066,0.02793575000840562,0.9803662313508316,0.36344554773271226,0.6161227015704519,MODERATE,0.0,136431.0
IMD173.jpg,MELANOMA,0.6442229747772217,0.644223,0.35577703,True,0.28844595,True,0.14072397932212585,1.0,5.799752685728678,0.9599505371457356,4.0,0.75,108.07950941107863,0.282573852366857,0.022881686295960445,0.9720509695285932,0.5403975470553931,0.8125870210502821,HIGH,0.0,76804.0
IMD175.jpg,MELANOMA,0.9811425805091858,0.9811426,0.018857457,True,0.9622851,True,0.22090555344791904,1.0,18.311247642711056,1.0,4.0,0.75,72.41976214203918,0.30907226358190093,0.02804105186412476,0.9772823664558558,0.3620988107101959,0.778024702677549,HIGH,0.0,119989.0
IMD176.jpg,NOT_MELANOMA,0.7109248638153076,0.28907505,0.71092486,False,0.42184982,False,,,,,,,,,,,,,,,
IMD177.jpg,MELANOMA,0.9981496334075928,0.99814963,0.0018504384,True,0.9962992,True,0.06946049330846756,0.6946049330846755,56.716317031664204,1.0,4.0,0.75,71.8123546159023,0.32789086297365566,0.03397707501731057,0.9792891780276932,0.3590617730795115,0.7009166765410467,HIGH,0.0,129422.0
IMD182.jpg,NOT_MELANOMA,0.9491047263145447,0.05089531,0.9491047,False,0.8982094,False,,,,,,,,,,,,,,,
IMD196.jpg,MELANOMA,0.9998021721839905,0.9998022,0.0001977889,True,0.9996044,True,0.18588886772131982,1.0,28.564152519416634,1.0,4.0,0.75,65.01149640372692,0.35903104964654164,0.0386141064803227,0.9804765018026208,0.3250574820186346,0.7687643705046586,HIGH,0.0,94281.0
IMD197.jpg,MELANOMA,0.9866694211959839,0.9866694,0.01333054,True,0.9733389,True,0.7918551174867133,1.0,9.084625546698048,1.0,6.0,1.0,90.64357225665452,0.25307673077828935,0.019340775563453847,0.9817613484101523,0.4532178612832726,0.8633044653208182,HIGH,0.0,76277.0
IMD198.jpg,MELANOMA,0.7386167645454407,0.73861676,0.26138327,True,0.4772335,True,0.34149375534632115,1.0,26.414002670648408,1.0,5.0,1.0,91.62506193599118,0.28729200024312856,0.027503031216450497,0.9711771803051676,0.4581253096799559,0.864531327419989,HIGH,0.0,135144.0
IMD199.jpg,MELANOMA,0.9909830093383789,0.990983,0.009016912,True,0.9819661,True,0.30432785483391483,1.0,21.115254566146337,1.0,3.0,0.5,55.82657544827245,0.364380758179556,0.03881213122541279,0.9796432738029849,0.27913287724136226,0.6947832193103406,MODERATE,0.0,121479.0
IMD200.jpg,MELANOMA,0.9828683137893677,0.9828683,0.017131737,True,0.96573657,True,0.3996802240790318,1.0,22.231624758455368,1.0,3.0,0.5,61.8938473891673,0.34389586813450074,0.03486661360578992,0.9756027670830006,0.3094692369458365,0.7023673092364591,HIGH,0.0,120619.0
IMD203.jpg,MELANOMA,0.9965630173683167,0.996563,0.0034369554,True,0.99312603,True,0.19928381273465398,1.0,7.95516760634067,1.0,4.0,0.75,92.90603148715034,0.32649307868426847,0.030560614667302213,0.9740825123008655,0.4645301574357517,0.803632539358938,HIGH,0.0,34965.0
IMD207.jpg,MELANOMA,0.5298907160758972,0.5298907,0.47010928,True,0.059781432,True,0.2751114980750457,1.0,36.26067057287514,1.0,4.0,0.75,84.43859962098254,0.33679441994936177,0.02796186372156598,0.9751904528637735,0.42219299810491273,0.7930482495262282,HIGH,0.0,96939.0
IMD208.jpg,NOT_MELANOMA,0.7263848185539246,0.27361518,0.7263848,False,0.45276964,False,,,,,,,,,,,,,,,
IMD210.jpg,MELANOMA,0.9999673366546631,0.99996734,3.266499e-05,True,0.9999347,True,0.41367497915859364,1.0,6.415381755465639,1.0,8.0,1.0,113.22417201043639,0.27813172569550515,0.02852481356491303,0.9781603760665095,0.566120860052182,0.8915302150130455,HIGH,0.0,107431.0
IMD211.jpg,MELANOMA,0.9991043210029602,0.9991043,0.0008956374,True,0.9982087,True,0.049462312762873197,0.49462312762873195,12.601793659175947,1.0,12.0,1.0,85.47019583671255,0.2236671931175419,0.021530734446257388,0.9725898060584585,0.42735097918356274,0.7304935267030737,HIGH,0.0,98510.0
IMD219.jpg,MELANOMA,0.9999370574951172,0.99993706,6.298517e-05,True,0.99987406,True,0.08828375864128042,0.8828375864128042,43.04872185341367,1.0,6.0,1.0,175.72440426518753,0.239469684396345,0.016527751103604268,0.9676392672482784,0.8786220213259377,0.9403649019346854,HIGH,0.0,106986.0
IMD240.jpg,MELANOMA,0.998663067817688,0.99866307,0.0013369049,True,0.99732614,True,0.537596728215601,1.0,12.522606476658092,1.0,20.0,1.0,98.95748090316518,0.23777206903149672,0.018277392399189334,0.9769171306181965,0.49478740451582587,0.8736968511289565,HIGH,0.0,97513.0
IMD242.jpg,MELANOMA,0.9919460415840149,0.99194604,0.008053911,True,0.98389214,True,0.2872891097976778,1.0,42.79181863731824,1.0,5.0,1.0,90.11260692175289,0.28052487663889647,0.02435209422353492,0.9725683083310103,0.4505630346087644,0.8626407586521911,HIGH,0.0,118981.0
IMD243.jpg,MELANOMA,0.9954955577850342,0.99549556,0.0045044655,True,0.9909911,True,0.5132854390173636,1.0,6.856440562903545,1.0,5.0,1.0,95.08700546901052,0.2517626812108703,0.02161109184805866,0.9798575521985587,0.4754350273450526,0.8688587568362631,HIGH,0.0,94410.0
IMD251.jpg,NOT_MELANOMA,0.9789366722106934,0.021063393,0.9789367,False,0.9578733,False,,,,,,,,,,,,,,,
IMD254.jpg,MELANOMA,0.7226316332817078,0.72263163,0.27736834,True,0.4452633,True,0.054348322497922354,0.5434832249792235,25.223312840363228,1.0,7.0,1.0,128.58234494497924,0.3147261611045466,0.03200047396608078,0.872321772871298,0.6429117247248962,0.7965987374260299,HIGH,0.0,125689.0
IMD256.jpg,MELANOMA,0.9999194145202637,0.9999194,8.058734e-05,True,0.9998388,True,0.2924610307285409,1.0,33.91941139837066,1.0,4.0,0.75,144.0196980008293,0.2848522362898866,0.024936719488687364,0.9639564835937374,0.7200984900041465,0.8675246225010367,HIGH,0.0,125143.0
IMD278.jpg,MELANOMA,0.9757437705993652,0.9757438,0.024256192,True,0.9514876,True,0.16669564335703768,1.0,36.66958959809788,1.0,4.0,0.75,73.79253122906921,0.31051729241959974,0.03265646139892917,0.973570609165684,0.36896265614534607,0.7797406640363365,HIGH,0.0,79067.0
IMD279.jpg,MELANOMA,0.9990975856781006,0.9990976,0.0009024824,True,0.9981951,True,0.2279493460602322,1.0,34.1182333963237,1.0,3.0,0.5,68.08007864555627,0.30407786097563644,0.03412488036668102,0.9720909072206748,0.3404003932277814,0.7101000983069453,HIGH,0.0,117945.0
IMD280.jpg,MELANOMA,0.6913149356842041,0.69131494,0.3086851,True,0.38262984,True,0.23909153801910277,1.0,17.08972312371924,1.0,6.0,1.0,87.51506553865761,0.3090083829521741,0.03079908766979431,0.975141257089767,0.43757532769328805,0.859393831923322,HIGH,0.0,97842.0
IMD284.jpg,MELANOMA,0.9999904632568359,0.99999046,9.493309e-06,True,0.999981,True,0.4516299951521119,1.0,31.080996535992604,1.0,15.0,1.0,133.37727904543092,0.2942738384130603,0.021546977245162493,0.9603010750836821,0.6668863952271546,0.9167215988067887,HIGH,0.0,103351.0
IMD285.jpg,MELANOMA,0.7188814878463745,0.7188815,0.28111854,True,0.43776295,True,0.08581668527943413,0.8581668527943414,7.573457442716945,1.0,6.0,1.0,95.07418189958672,0.24204021293047787,0.020052655984763645,0.9711760670731779,0.4753709094979336,0.8333844405730688,HIGH,0.0,108069.0
IMD304.jpg,MELANOMA,0.9950173497200012,0.99501735,0.004982684,True,0.99003464,True,0.162621536831431,1.0,59.97309194081047,1.0,4.0,0.75,64.63596223851094,0.3239846023998317,0.03000354133201841,0.9795700128599977,0.32317981119255473,0.7682949527981386,HIGH,0.0,104657.0
IMD305.jpg,MELANOMA,0.9965967535972595,0.99659675,0.0034032706,True,0.9931935,True,0.04519923123252149,0.45199231232521486,56.1385492973277,1.0,5.0,1.0,71.62107479136448,0.3343422846659345,0.029777936235022003,0.9779558572254379,0.3581053739568224,0.7025244215705093,HIGH,0.0,132095.0
IMD306.jpg,MELANOMA,0.9761179089546204,0.9761179,0.02388211,True,0.9522358,True,0.0968872896371719,0.968872896371719,54.833667633426984,1.0,5.0,1.0,60.81995323102212,0.364766086630576,0.03768032349514919,0.9813325030048308,0.3040997661551106,0.8182431656317075,HIGH,0.0,127543.0
IMD328.jpg,NOT_MELANOMA,0.9776745438575745,0.022325495,0.97767454,False,0.955349,False,,,,,,,,,,,,,,,
IMD331.jpg,MELANOMA,0.6159976720809937,0.6159977,0.3840023,True,0.23199537,True,0.20585739319442364,1.0,56.9541495787911,1.0,5.0,1.0,74.84524743678755,0.4278846428905792,0.040636251698403104,0.9787265862923554,0.3742262371839377,0.8435565592959844,HIGH,0.0,101904.0
IMD339.jpg,NOT_MELANOMA,0.8581165075302124,0.14188349,0.8581165,False,0.716233,False,,,,,,,,,,,,,,,
IMD347.jpg,MELANOMA,0.9962284564971924,0.99622846,0.003771565,True,0.9924569,True,0.31110984692039806,1.0,14.713242667468974,1.0,8.0,1.0,78.81723082926698,0.2759128946367634,0.02282351980058768,0.9700302947172373,0.39408615414633485,0.8485215385365837,HIGH,0.0,111865.0
IMD348.jpg,MELANOMA,0.999904990196228,0.999905,9.5057745e-05,True,0.9998099,True,0.056743820227255735,0.5674382022725574,22.746772303157464,1.0,9.0,1.0,126.18202536111352,0.2794200776198365,0.020512989649591012,0.9770147682931708,0.6309101268055676,0.7995870822695312,HIGH,0.0,131669.0
IMD349.jpg,MELANOMA,0.9860381484031677,0.98603815,0.0139618805,True,0.9720763,True,0.13811868929392013,1.0,12.265004910021435,1.0,4.0,0.75,91.67985108829843,0.2621272678392898,0.020257163504957744,0.9724427258887229,0.4583992554414922,0.802099813860373,HIGH,0.0,108641.0
IMD356.jpg,MELANOMA,0.9420193433761597,0.94201934,0.057980627,True,0.8840387,True,0.31051581751968377,1.0,7.1326722303731875,1.0,5.0,1.0,84.90539446236004,0.26483292155389654,0.02384224895736535,0.97513658466978,0.4245269723118002,0.85613174307795,HIGH,0.0,61609.0
IMD360.jpg,MELANOMA,0.5362586975097656,0.5362587,0.4637413,True,0.072517395,True,0.18218869483515712,1.0,45.53919492255368,1.0,7.0,1.0,88.86985137819677,0.3352315426820893,0.031720810960153695,0.9804788960859928,0.44434925689098387,0.861087314222746,HIGH,0.0,141678.0
IMD364.jpg,MELANOMA,0.9944490194320679,0.994449,0.005550991,True,0.98889804,True,0.21308334784549032,1.0,29.93763902178836,1.0,3.0,0.5,62.35143015237579,0.3597666388630823,0.037213724357943775,0.9806740810358074,0.31175715076187893,0.7029392876904698,HIGH,0.0,138932.0
IMD367.jpg,MELANOMA,0.9699828028678894,0.9699828,0.03001723,True,0.93996555,True,0.06650824704407594,0.6650824704407594,33.04904416860393,1.0,4.0,0.75,88.95631634866704,0.3260560004907547,0.02682847237650975,0.9777827759854354,0.4447815817433352,0.7149660130460236,HIGH,0.0,138361.0
IMD368.jpg,MELANOMA,0.9633074998855591,0.9633075,0.03669249,True,0.926615,True,0.05922783387904973,0.5922783387904973,37.75918143015549,1.0,7.0,1.0,76.49830361986498,0.2974752330111173,0.030462436419640856,0.9788795795566853,0.3824915180993249,0.7436924642224556,HIGH,0.0,127094.0
IMD369.jpg,MELANOMA,0.9868087768554688,0.9868088,0.013191158,True,0.9736176,True,0.01511822788418534,0.1511822788418534,35.57877226544226,1.0,7.0,1.0,94.652994610585,0.2720413175199395,0.0247622872141665,0.9754128829410469,0.473264973052925,0.6561118129736945,MODERATE,0.0,136035.0
IMD371.jpg,MELANOMA,0.910301148891449,0.91030115,0.089698896,True,0.82060224,True,0.05210144337096819,0.5210144337096819,25.20923133761861,1.0,3.0,0.5,110.61094563032698,0.34020919127847393,0.03193901528751368,0.9445447871140131,0.5530547281516349,0.6435172904653292,MODERATE,0.0,120837.0
IMD372.jpg,MELANOMA,0.9828124642372131,0.98281246,0.017187515,True,0.9656249,True,0.42790672019392445,1.0,25.66504969312281,1.0,5.0,1.0,83.6720519675994,0.3396435449364665,0.031235902661491167,0.9744081835218564,0.418360259837997,0.8545900649594993,HIGH,0.0,106095.0
IMD374.jpg,NOT_MELANOMA,0.8224207162857056,0.17757934,0.8224207,False,0.6448414,False,,,,,,,,,,,,,,,
IMD375.jpg,MELANOMA,0.8663378953933716,0.8663379,0.13366203,True,0.73267585,True,0.32645221349572856,1.0,25.81174625669773,1.0,6.0,1.0,101.86157843291254,0.28314128729505167,0.02566362576623724,0.9722783004427336,0.5093078921645627,0.8773269730411407,HIGH,0.0,116762.0
IMD376.jpg,MELANOMA,0.9855213761329651,0.9855214,0.014478588,True,0.9710428,True,0.288468683286433,1.0,21.17442264192062,1.0,5.0,1.0,76.47652452647358,0.3112092695135668,0.030775680833709254,0.9821360447774327,0.3823826226323679,0.8455956556580919,HIGH,0.0,139038.0
IMD378.jpg,NOT_MELANOMA,0.8493083715438843,0.1506916,0.8493084,False,0.69861674,False,,,,,,,,,,,,,,,
IMD381.jpg,NOT_MELANOMA,0.8886116743087769,0.11138828,0.8886117,False,0.7772234,False,,,,,,,,,,,,,,,
IMD382.jpg,MELANOMA,0.9956444501876831,0.99564445,0.004355555,True,0.9912889,True,0.13593225977051349,1.0,8.190035522436844,1.0,5.0,1.0,92.20394292497393,0.30167121878434894,0.05173480029984027,0.9853177431568403,0.4610197146248696,0.8652549286562174,HIGH,0.0,81695.0
IMD384.jpg,MELANOMA,0.9938837885856628,0.9938838,0.006116218,True,0.9877676,True,0.3206353612471369,1.0,24.148729402745523,1.0,4.0,0.75,91.8335459817239,0.2892551478308737,0.029862894285843017,0.9749719814773523,0.4591677299086195,0.8022919324771549,HIGH,0.0,114515.0
IMD385.jpg,NOT_MELANOMA,0.9479594826698303,0.052040555,0.9479595,False,0.8959189,False,,,,,,,,,,,,,,,
IMD386.jpg,MELANOMA,0.9999994039535522,0.9999994,5.894051e-07,True,0.9999988,True,0.3919051144102779,1.0,32.15878666812742,1.0,5.0,1.0,68.77120094616437,0.3343405357747417,0.03562496167229558,0.9828763079611836,0.34385600473082184,0.8359640011827054,HIGH,0.0,113514.0
IMD388.jpg,MELANOMA,0.9864447712898254,0.9864448,0.013555262,True,0.9728895,True,0.1905828589705735,1.0,13.433343963479293,1.0,4.0,0.75,69.29450977616655,0.33618727780517355,0.030490054797842375,0.9763663513779962,0.34647254888083273,0.7741181372202082,HIGH,0.0,100320.0
IMD389.jpg,NOT_MELANOMA,0.5106393694877625,0.4893607,0.51063937,False,0.02127868,False,,,,,,,,,,,,,,,
IMD390.jpg,NOT_MELANOMA,0.8162701725959778,0.18372984,0.8162702,False,0.63254035,False,,,,,,,,,,,,,,,
IMD392.jpg,NOT_MELANOMA,0.9095742106437683,0.09042577,0.9095742,False,0.8191484,False,,,,,,,,,,,,,,,
IMD393.jpg,MELANOMA,0.7095870971679688,0.7095871,0.29041296,True,0.41917413,True,0.4965382115168433,1.0,12.062057496775529,1.0,5.0,1.0,117.17655270591258,0.34073083311599034,0.030744314756155796,0.9696928133078071,0.5858827635295629,0.8964706908823907,HIGH,0.0,125981.0
IMD395.jpg,MELANOMA,0.9973512887954712,0.9973513,0.0026487643,True,0.9947025,True,0.3529708761753921,1.0,9.133325082723825,1.0,4.0,0.75,81.55842843973738,0.27756589141390037,0.021896676128493633,0.9829123938215477,0.4077921421986869,0.7894480355496717,HIGH,0.0,97173.0
IMD396.jpg,MELANOMA,0.999919056892395,0.99991906,8.088652e-05,True,0.9998382,True,0.052884168087593185,0.5288416808759319,37.87541020273166,1.0,5.0,1.0,65.96832568341323,0.33485912461179973,0.031811269621842914,0.9824399452411875,0.32984162841706616,0.7146708273232495,HIGH,0.0,128939.0
IMD398.jpg,MELANOMA,0.7541067600250244,0.75410676,0.24589331,True,0.50821346,True,0.10552041572075543,1.0,21.54979565785989,1.0,5.0,1.0,85.08458598564785,0.31163350194965234,0.02670153183158154,0.9703279989041774,0.42542292992823927,0.8563557324820599,HIGH,0.0,118545.0
IMD400.jpg,NOT_MELANOMA,0.8034480810165405,0.19655187,0.8034481,False,0.6068962,False,,,,,,,,,,,,,,,
IMD402.jpg,MELANOMA,0.968809187412262,0.9688092,0.031190746,True,0.93761843,True,0.5439580216265321,1.0,21.34033946239176,1.0,5.0,1.0,86.05073857323255,0.3484817470138492,0.038599414593947945,0.9771989745453644,0.4302536928661628,0.8575634232165407,HIGH,0.0,92516.0
IMD403.jpg,MELANOMA,0.9914249181747437,0.9914249,0.008575098,True,0.98284984,True,0.41867978444371384,1.0,39.06690742491888,1.0,4.0,0.75,69.53326539684329,0.38963984628019155,0.03685791344192239,0.9796447361027251,0.34766632698421646,0.7744165817460541,HIGH,0.0,42984.0
IMD404.jpg,MELANOMA,0.9948078989982605,0.9948079,0.005192161,True,0.98961574,True,0.2200862484927287,1.0,38.04521483118645,1.0,5.0,1.0,43.79030673304293,0.41172877402258606,0.041812439082754706,0.9831958696140787,0.21895153366521466,0.8047378834163037,HIGH,0.0,131813.0
IMD406.jpg,MELANOMA,0.9941374063491821,0.9941374,0.0058625415,True,0.9882749,True,0.3015962244876236,1.0,16.6891065212896,1.0,6.0,1.0,84.2146262511896,0.2824130189127185,0.023440061339412618,0.9762974796590295,0.421073131255948,0.855268282813987,HIGH,0.0,98439.0
IMD407.jpg,MELANOMA,0.9938067197799683,0.9938067,0.006193307,True,0.98761344,True,0.13952911603665039,1.0,42.12622448536642,1.0,5.0,1.0,73.64534813877997,0.3230208958834227,0.027081559820973083,0.9791244139974732,0.3682267406938998,0.842056685173475,HIGH,0.0,115248.0
IMD408.jpg,MELANOMA,0.9999943971633911,0.9999944,5.6408394e-06,True,0.99998873,True,0.5592440872190444,1.0,54.56378413959767,1.0,16.0,1.0,117.04929987658869,0.3289288677705528,0.026308150088152602,0.9550462512607464,0.5852464993829435,0.8963116248457359,HIGH,0.0,48906.0
IMD409.jpg,MELANOMA,0.9999924898147583,0.9999925,7.560611e-06,True,0.9999849,True,0.32353494274897016,1.0,13.409916302172844,1.0,20.0,1.0,134.05686506868804,0.27365711057742836,0.020365954198976438,0.9703688580925264,0.6702843253434402,0.9175710813358601,HIGH,0.0,123521.0
IMD410.jpg,MELANOMA,0.9039469957351685,0.903947,0.096053064,True,0.80789393,True,0.23995643097237881,1.0,24.046246268131522,1.0,5.0,1.0,94.82537642888899,0.3060288190301345,0.03146453984327973,0.9534650262380119,0.4741268821444449,0.8685317205361113,HIGH,0.0,133605.0
IMD411.jpg,MELANOMA,0.9998871088027954,0.9998871,0.00011283535,True,0.9997743,True,0.21739247695418099,1.0,13.1618996764452,1.0,6.0,1.0,155.8592500095257,0.2899047384609816,0.02178983020944311,0.9675363954977368,0.7792962500476286,0.9448240625119071,HIGH,0.0,125539.0
IMD413.jpg,MELANOMA,0.9993051290512085,0.9993051,0.0006949195,True,0.9986102,True,0.09325154753332206,0.9325154753332205,16.47136386727043,1.0,3.0,0.5,72.20871333749717,0.3054635094859287,0.026298453846611492,0.966270557368541,0.3610435666874859,0.6983897605051765,MODERATE,0.0,118399.0
IMD418.jpg,MELANOMA,0.9987385869026184,0.9987386,0.0012613967,True,0.9974772,True,0.24500446213213975,1.0,22.304532136341273,1.0,6.0,1.0,65.96027670267391,0.40284930028545923,0.03222008001994597,0.9839775887837224,0.3298013835133695,0.8324503458783423,HIGH,0.0,111319.0
IMD419.jpg,MELANOMA,0.9999992847442627,0.9999993,7.464262e-07,True,0.9999985,True,0.12043097740378246,1.0,53.54401304137497,1.0,4.0,0.75,69.54959934546682,0.2917268716603578,0.024236861589659653,0.9760814428844827,0.3477479967273341,0.7744369991818335,HIGH,0.0,124763.0
IMD420.jpg,MELANOMA,0.9999476671218872,0.99994767,5.229903e-05,True,0.9998954,True,0.4888087633504779,1.0,11.264415488723625,1.0,17.0,1.0,121.08075210674524,0.24739010963598226,0.019074990342485772,0.9720899447255738,0.6054037605337261,0.9013509401334315,HIGH,0.0,109623.0
IMD423.jpg,MELANOMA,0.9999905824661255,0.9999906,9.396204e-06,True,0.99998116,True,0.03593115831117277,0.35931158311172773,81.37607583664226,1.0,16.0,1.0,133.54067346383215,0.32919489163650123,0.02536332425527459,0.9593026293308732,0.6677033673191608,0.7567537376077221,HIGH,0.0,89193.0
IMD424.jpg,MELANOMA,0.999998927116394,0.9999989,1.0530791e-06,True,0.99999785,True,0.32937948339002016,1.0,41.64147416225084,1.0,24.0,1.0,119.41759399669137,0.3437603427166546,0.028890708626398212,0.9552077005778403,0.5970879699834568,0.8992719924958642,HIGH,0.0,68789.0
IMD427.jpg,MELANOMA,0.9747757315635681,0.97477573,0.025224257,True,0.94955146,True,0.23419386682549823,1.0,7.118683310023378,1.0,5.0,1.0,100.24731233225141,0.2920287173245368,0.031550936499801056,0.9703746143896618,0.5012365616612571,0.8753091404153143,HIGH,0.0,95647.0
IMD430.jpg,MELANOMA,0.8500111699104309,0.85001117,0.14998886,True,0.70002234,True,0.11288716777739023,1.0,36.714230412875665,1.0,5.0,1.0,72.80422465420095,0.31669189946063486,0.031300829417108,0.9755457006258937,0.3640211232710048,0.8410052808177512,HIGH,0.0,138996.0
IMD431.jpg,MELANOMA,0.9363094568252563,0.93630946,0.063690506,True,0.872619,True,0.13937256962867206,1.0,7.2558732576080525,1.0,4.0,0.75,75.56483658790007,0.31924363386312693,0.024213963895746066,0.9784633275456316,0.3778241829395004,0.7819560457348751,HIGH,0.0,102882.0
IMD432.jpg,MELANOMA,0.9961845278739929,0.9961845,0.0038155124,True,0.992369,True,0.1370523289111989,1.0,38.216350526145376,1.0,4.0,0.75,96.0113343122756,0.27895381406645087,0.027331973834597758,0.9742869125167749,0.480056671561378,0.8075141678903445,HIGH,0.0,109209.0
IMD433.jpg,MELANOMA,0.9987633228302002,0.9987633,0.0012366653,True,0.99752665,True,0.23189600149525788,1.0,8.300167334410913,1.0,6.0,1.0,80.87841254933814,0.3219779495303613,0.03638687031306572,0.9793750733404805,0.4043920627466907,0.8510980156866726,HIGH,0.0,50308.0
IMD434.jpg,NOT_MELANOMA,0.6431288123130798,0.35687125,0.6431288,False,0.28625757,False,,,,,,,,,,,,,,,
IMD436.jpg,MELANOMA,0.9923321008682251,0.9923321,0.00766791,True,0.9846642,True,0.304754126287905,1.0,11.51908135416686,1.0,4.0,0.75,90.58192520616747,0.31150190387386406,0.025542509279752962,0.9780904173810779,0.45290962603083734,0.8007274065077093,HIGH,0.0,114790.0
IMD437.jpg,MELANOMA,0.9997642636299133,0.99976426,0.00023576351,True,0.9995285,True,0.12527028651618824,1.0,8.501841906417388,1.0,8.0,1.0,117.41815080536838,0.2773432061078487,0.02168810145318938,0.9709231968281512,0.587090754026842,0.8967726885067104,HIGH,0.0,118786.0
